{"cameraMode":{"drawMode":0,"name":"Shaded","section":"Shading Mode"},"sceneLighting":false,"audioPlay":false,"sceneViewState":{"showFog":true,"showMaterialUpdate":false,"showSkybox":false,"showFlares":true,"showImageEffects":true,"showParticleSystems":true},"in2DMode":false,"pivot":{"x":-13.377102851867676,"y":1.7001757621765137,"z":-4.171882152557373},"rotation":{"x":0.0073831696063280109,"y":-0.9913791418075562,"z":0.06404981017112732,"w":0.11534393578767777},"size":1.6898845434188843,"orthographic":false}