{"cameraMode":{"drawMode":0,"name":"Shaded","section":"Shading Mode"},"sceneLighting":false,"audioPlay":false,"sceneViewState":{"showFog":true,"showMaterialUpdate":false,"showSkybox":false,"showFlares":true,"showImageEffects":true,"showParticleSystems":true},"in2DMode":false,"pivot":{"x":-25.21636199951172,"y":1.3501758575439454,"z":49.521217346191409},"rotation":{"x":0.009131299331784249,"y":-0.9909068942070007,"z":0.09993849694728852,"w":0.09125054627656937},"size":1.6898844242095948,"orthographic":false}