{"cameraMode":{"drawMode":0,"name":"Shaded","section":"Shading Mode"},"sceneLighting":false,"audioPlay":false,"sceneViewState":{"showFog":true,"showMaterialUpdate":false,"showSkybox":false,"showFlares":true,"showImageEffects":true,"showParticleSystems":true},"in2DMode":false,"pivot":{"x":-15.076000213623047,"y":0.5003769397735596,"z":-4.119022369384766},"rotation":{"x":0.005077955313026905,"y":-0.876453161239624,"z":0.48167040944099429,"w":0.00955568253993988},"size":3.9073946475982668,"orthographic":false}