{"cameraMode":{"drawMode":0,"name":"Shaded","section":"Shading Mode"},"sceneLighting":false,"audioPlay":false,"sceneViewState":{"showFog":true,"showMaterialUpdate":false,"showSkybox":false,"showFlares":true,"showImageEffects":true,"showParticleSystems":true},"in2DMode":false,"pivot":{"x":-2.3517489433288576,"y":-0.6448780298233032,"z":1.833544135093689},"rotation":{"x":-0.358510285615921,"y":-0.2342049777507782,"z":0.09250611811876297,"w":-0.8991182446479797},"size":10.539934158325196,"orthographic":false}