{"cameraMode":{"drawMode":0,"name":"Shaded","section":"Shading Mode"},"sceneLighting":false,"audioPlay":false,"sceneViewState":{"showFog":true,"showMaterialUpdate":false,"showSkybox":false,"showFlares":true,"showImageEffects":true,"showParticleSystems":true},"in2DMode":false,"pivot":{"x":-12.27299976348877,"y":1.5199999809265137,"z":-1.6585774421691895},"rotation":{"x":0.014325949363410473,"y":-0.9839479923248291,"z":0.10024134814739227,"w":0.14826609194278718},"size":1.3025366067886353,"orthographic":false}