{"cameraMode":{"drawMode":0,"name":"Shaded","section":"Shading Mode"},"sceneLighting":false,"audioPlay":false,"sceneViewState":{"showFog":true,"showMaterialUpdate":false,"showSkybox":false,"showFlares":true,"showImageEffects":true,"showParticleSystems":true},"in2DMode":false,"pivot":{"x":119.61651611328125,"y":2.6366987228393556,"z":-17.150699615478517},"rotation":{"x":0.11294317245483399,"y":0.8663238883018494,"z":-0.4300929307937622,"w":0.2274952232837677},"size":1.7446537017822266,"orthographic":false}