{"cameraMode":{"drawMode":0,"name":"Shaded","section":"Shading Mode"},"sceneLighting":false,"audioPlay":false,"sceneViewState":{"showFog":true,"showMaterialUpdate":false,"showSkybox":false,"showFlares":true,"showImageEffects":true,"showParticleSystems":true},"in2DMode":false,"pivot":{"x":-6.680835247039795,"y":3.7734761238098146,"z":2.2092907428741457},"rotation":{"x":0.20438529551029206,"y":0.008323481306433678,"z":-0.0014779085759073496,"w":0.9790141582489014},"size":19.955934524536134,"orthographic":false}