{"cameraMode":{"drawMode":0,"name":"Shaded","section":"Shading Mode"},"sceneLighting":false,"audioPlay":false,"sceneViewState":{"showFog":true,"showMaterialUpdate":false,"showSkybox":false,"showFlares":true,"showImageEffects":true,"showParticleSystems":true},"in2DMode":false,"pivot":{"x":-61.111541748046878,"y":1.6045271158218384,"z":-9.832151412963868},"rotation":{"x":0.1984669715166092,"y":-0.6261368989944458,"z":0.1690189689397812,"w":0.7349509596824646},"size":10.315260887145996,"orthographic":false}