{"cameraMode":{"drawMode":0,"name":"Shaded","section":"Shading Mode"},"sceneLighting":false,"audioPlay":false,"sceneViewState":{"showFog":true,"showMaterialUpdate":false,"showSkybox":false,"showFlares":true,"showImageEffects":true,"showParticleSystems":true},"in2DMode":false,"pivot":{"x":-18.241716384887697,"y":3.7100000381469728,"z":-18.77690887451172},"rotation":{"x":0.48416227102279665,"y":-0.5132625699043274,"z":0.4640703499317169,"w":0.535686731338501},"size":4.602367877960205,"orthographic":false}